{"episode_types": ["t", "t", "t", "t"], "initial_reset_timestamp": 1500587253.9179919, "episode_rewards": [-802.2297347288029, -167.44351541505068, -193.13500741978606], "timestamps": [1500587399.7670722, 1500587448.519485, 1500587488.2477627], "episode_lengths": [1900, 445, 355]}